{
	"DESCRIPTION" : {"CODENAME":"분류","ETC_DESC":"기타내용","ORG_NAME":"기관명","THEMECODE":"테마분류","END_DATE":"종료일","STRTDATE":"시작일","ORG_LINK":"홈페이지 주소","MAIN_IMG":"대표이미지","PLACE":"장소","PLAYER":"출연자정보","USE_FEE":"이용요금","PROGRAM":"프로그램소개","TICKET":"시민/기관","RGSTDATE":"신청일","DATE":"날짜/시간","USE_TRGT":"이용대상","TITLE":"공연/행사명"},
	"data" : [
		{"org_name":"은평문화재단","use_fee":"무료","player":null,"org_link":"https://www.efac.or.kr//sub01/sub01.php?type=view&amp;uid=1970","main_img":"http://culture.seoul.go.kr/data/ci/20210426151533.jpg","themecode":"어린이/청소년 문화행사","date":"2021-05-14~2021-05-22","etc_desc":null,"end_date":1621609200000,"title":"[은평문화재단] 은평문화재단 패밀리위크! ON 가족이 함께보는 동화!","ticket":"기관","codename":"뮤지컬/오페라","use_trgt":"3세이상","program":"세계적 유명작가(맥스루케이도, 오스카 와일드)원작바탕 이야기를 탄탄한 스토리 와 신나는 음악으로 온 가족이 함께 관람하는 어른과 아이들을 위한 동화공연!","rgstdate":"2021-04-26","strtdate":1620918000000,"place":"은평문화재단 유튜브"},
		{"org_name":"종로문화재단","use_fee":"무료","player":"▲ 5/8 [남도민요] 김금미 · 나윤영 · 김미진\r\n▲ 5/15 [서도민요] 한명순 · 박정욱 · 김영빈 · 김종옥 · 박희순 · 박은혜 · 박노환\r\n▲ 5/22 [경기민요] 김점순 · 최은호 · 박경랑\r\n▲ 5/29 [동부민요] 박정욱 · 김점순 · 최은호 · 김완아","org_link":"https://www.jfac.or.kr/site/main/program/perf_show_list_view?pgIdx=1542","main_img":"http://culture.seoul.go.kr/data/ci/20210503112632.jpg","themecode":"기타","date":"2021-05-08~2021-05-29","etc_desc":"본 공연은 대면/비대면으로 동시에 진행됩니다.\r\n▲ 현장관람은 선착순 20명 제한으로 '종로문화재단 홈페이지'에서 신청하실 수 있습니다.\r\n▲ 종로문화재단 유튜브 채널에서 실시간으로 관람하실 수 있습니다.","end_date":1622214000000,"title":"우리소리도서관 국악공연 시리즈 <한국의 소리 Ⅱ : 민요사색>","ticket":"기관","codename":"국악","use_trgt":"전체","program":"？국악의 전승과 계승에 역량을 갖춘 국악인들이 \r\n다채로운 한국의 소리를 소개하는 우리소리도서관의 시리즈 국악공연!\r\n\r\n그 두번째 공연에 여러분을 초대합니다!\r\n\r\n？남도 · 서도 · 경기 · 동부\r\n각 지방의 다채로운 민요를 깊이 있게 만나보세요.","rgstdate":"2021-05-03","strtdate":1620399600000,"place":"우리소리도서관 / 종로문화재단 유튜브 채널"},
		{"org_name":"노원문화재단","use_fee":"전석 30,000원","player":"이순재, 정영숙","org_link":"https://www.nowonarts.kr/html/pe/performancedetail.php?param_url=https%3A%2F%2Fwww.nowonarts.kr%2Fhtml%2Fpe%2Fperformanceinfo.php%3F%26cate%3D%26skin%3D%26search_state%3D1%26search_syear%3D%26search_smonth%3D%26search_eyear%3D%26search_emonth%3D%26search_order%3D%26search_startPage%3D&amp;idx=188","main_img":"http://culture.seoul.go.kr/data/ci/20210412154812.jpg","themecode":"기타","date":"2021-05-29~2021-05-29","etc_desc":null,"end_date":1622214000000,"title":"연극 <사랑해요, 당신>","ticket":"기관","codename":"연극","use_trgt":"중학생 이상","program":"평범한 일상을 지탱해주는 가족의 소중함을 느껴보는 시간으로 연기 베테랑 이순재, 정영숙 배우의 진짜보다 더 진짜 같은 부부 이야기","rgstdate":"2021-04-12","strtdate":1622214000000,"place":"노원문화예술회관 1층 대공연장"},
		{"org_name":"기타(일반시민)","use_fee":"대극장  - R석 50,000원, S석 30,000원\r\n소극장 - 전석 30,000원","player":null,"org_link":"http://www.stf.or.kr","main_img":"http://culture.seoul.go.kr/data/ci/20210315173351.jpg","themecode":"기타","date":"2021-04-30~2021-05-30","etc_desc":null,"end_date":1622300400000,"title":"2021 제42회 서울연극제","ticket":"기관","codename":"연극","use_trgt":"각 공연별 상이","program":"2021 제42회 서울연극제\r\n서울연극제는 1977년 시작하여 올해 42주년을 맞이하는 전통 있는 국내 최대 연극제이며 연극의 가치 성장과 발전, 활성화를 도모하며 서울시민과 관객에게 국내 최고의 연극 작품을 선사하고자 합니다. 올해는 엄선하여 선정된 공식선정작 8작품과 새롭게 신설된 단막 스테이지 2작품이 무대에 오르며 다양한 부대프로그램들이 진행될 예정입니다.","rgstdate":"2021-03-15","strtdate":1619708400000,"place":"아르코예술극장 대·소극장, 대학로예술극장 대·소극장,  아트원씨어터 3관,  씨어터 쿰 외"},
		{"org_name":"중구청","use_fee":"R석 55,000원 / S석 45,000원","player":null,"org_link":"https://www.caci.or.kr/caci/performance/view.do?menuNo=200006&amp;pblprfrId=1339","main_img":"http://culture.seoul.go.kr/data/ci/20210405172641.jpg","themecode":"기타","date":"2021-04-27~2021-07-11","etc_desc":null,"end_date":1625929200000,"title":"연극<빈센트 리버>","ticket":"기관","codename":"연극","use_trgt":"만 15세 이상 관람가","program":"쏟아지는 그날의 진실\r\n혐오와 혐오에 기인한 범죄를 그린 충격적인 작품!\r\n영국의 예술가 '필립리들리'의 대표작이자, 연기파 배우들이 펼치는 2021 최고의 기대작","rgstdate":"2021-04-05","strtdate":1619449200000,"place":"충무아트센터 중극장 블랙"},
		{"org_name":"한성백제박물관","use_fee":"없음","player":null,"org_link":"https://baekjemuseum.seoul.go.kr/module/index.jsp?boardid=a&amp;code=EV&amp;mmode=content&amp;mpid=SBM0403000000&amp;pid=18828&amp;strsearch=&amp;d_s_que=&amp;cpage=1","main_img":"http://culture.seoul.go.kr/data/ci/20210315163257.jpg","themecode":"기타","date":"2021-04-10~2021-05-29","etc_desc":null,"end_date":1622214000000,"title":"[한성백제박물관] 사계콘서트 <봄>","ticket":"기관","codename":"콘서트","use_trgt":"시민 누구나","program":"봄을 주제로 열리는 시민을 위한 무료 음악회. \r\n공연 30분 전부터 입장 가능하며,\r\n예약 없이 현장에서 선착순 70명 무료 입장","rgstdate":"2021-03-15","strtdate":1617980400000,"place":"한성백제박물관"},
		{"org_name":"남산골한옥마을","use_fee":"무료","player":null,"org_link":"https://www.hanokmaeul.or.kr/ko/g/perf/category/982","main_img":"http://culture.seoul.go.kr/data/ci/20210319202650.JPG","themecode":"기타","date":"2021-02-09~2021-12-31","etc_desc":null,"end_date":1640876400000,"title":"[서울남산국악당]  국악영상 상설상영 <국악 ON>","ticket":"기관","codename":"국악","use_trgt":"전 연령","program":"서울남산국악당  야외 잔디마당에서 매일 진행되는 상설영상 상영회로\r\n2019~2021년 서울남산국악당 대표 레퍼토리 공연을 다시보고, 영상과 함께 \r\n휴식도 취할 수 있는 일석이조의 즐거운 시간이 마련됩니다.\r\n한옥의 미감과 전통을 가득담은 서울남산국악당의 야외마당에서 \r\n국악공연 영상과 함께 품격있는 여유를 즐겨보세요.","rgstdate":"2021-03-19","strtdate":1612796400000,"place":"서울남산국악당 야외마당"},
		{"org_name":"종로문화재단","use_fee":"무료","player":null,"org_link":"https://blog.naver.com/jn_jfac/222310625681","main_img":"http://culture.seoul.go.kr/data/ci/20210429153108.jpg","themecode":"기타","date":"2021-05-08~2021-05-23","etc_desc":null,"end_date":1621695600000,"title":"[종로문화재단][전통공연] 언덕 위 예술무대_우리춤 이야기","ticket":"기관","codename":"무용","use_trgt":"전체관람가","program":"윤동주 시인의 언덕에서 고즈넉한 숲속의 정취를 느끼고, 다양한 장르의 전통공연을 관람함으로써 문화향유 기회를 얻을 수 있는 야외 공연","rgstdate":"2021-04-29","strtdate":1620399600000,"place":"윤동주문학관 '시인의 언덕' 야외무대"},
		{"org_name":"삼각산시민청","use_fee":"무료","player":null,"org_link":"https://sg.seoulcitizenshall.kr/?c=program/perform&amp;mod=view&amp;uid=314","main_img":"http://culture.seoul.go.kr/data/ci/20210412104551.JPG","themecode":"기타","date":"2021-05-05~2021-05-28","etc_desc":null,"end_date":1622127600000,"title":"삼각산 활력콘서트","ticket":"기관","codename":"콘서트","use_trgt":"전 연령","program":"일상 속 활력을 선사하는 삼각산시민청 예술가 상설공연","rgstdate":"2021-04-12","strtdate":1620140400000,"place":"삼각산시민청 활짝라운지(1동)"},
		{"org_name":"기타(일반시민)","use_fee":"R석 50,000원\r\nS석 30,000원\r\nOrchestra Pit석 35,000원","player":"바리톤 우주호\r\n소프라노 김순영\r\n바리톤 박상돈\r\n소프라노 한예원\r\n테너 김지훈\r\n소프라노 홍채린\r\n배우 이현주\r\n배우 윤동기","org_link":"https://tickets.interpark.com/goods/21003397","main_img":"http://culture.seoul.go.kr/data/ci/20210426144959.jpg","themecode":"기타","date":"2021-06-25~2021-06-27","etc_desc":null,"end_date":1624719600000,"title":"음악극 <이야기가 흐르는 가곡다방>","ticket":"기관","codename":"뮤지컬/오페라","use_trgt":"만7세이상","program":"<이야기가 흐르는 가곡다방>은 작년 초연 당시 ‘일제강점기와 한국전쟁이라는 격동의 역사를 겪는 동안 이 땅의 젊은이들의 고민과 시대가 주는 고통을 예술적으로 잘 그려냈을 뿐만 아니라 우리나라 가곡이 탄생한 이야기를 역사적, 사회적, 문학적인 배경을 토대로 잘 표현했다’는 전문가와 관객들의 호평을 받았다. \r\n  100여 년의 시간을 품은‘가곡다방’이라는 공간에서 예술을 사랑했던 한 청년의 파란만장한 삶을 통해 펼쳐지는‘스토리가 있는 음악극’이다.가곡다방이 비밀스럽게 품어 온 이야기와 함께 선사하는 음악은 지난 한 세기 동안 많은 이들의 아픔을 위로하고 그 시대를 관통하며 우리들의 가슴 속에 새겨졌던 명곡들이다.","rgstdate":"2021-04-26","strtdate":1624546800000,"place":"국립중앙박물관 극장 용"},
		{"org_name":"서울시립교향악단","use_fee":"R 70,000 S 50,000 A 30,000 B 20,000 C 10,000","player":null,"org_link":"https://www.seoulphil.or.kr/perf/view?perfNo=4169&amp;calendarDate=2021/05/27&amp;langCd=ko&amp;menuFlag=MFLG0001","main_img":"http://culture.seoul.go.kr/data/ci/20210414143036.jpg","themecode":"기타","date":"2021-05-27~2021-05-27","etc_desc":null,"end_date":1622041200000,"title":"선우예권의 모차르트 피아노 협주곡 ①,②","ticket":"기관","codename":"클래식","use_trgt":"만 7세 이상","program":"윌슨 응 서울시향 수석부지휘자와 선우예권 피아니스트가 선보이는 서울시향 5월 정기공연","rgstdate":"2021-04-14","strtdate":1622041200000,"place":"롯데콘서트홀"},
		{"org_name":"노원문화재단","use_fee":"전석 30,000원","player":"안두현 외","org_link":"www.nowonarts.kr","main_img":"http://culture.seoul.go.kr/data/ci/20210412155148.jpg","themecode":"기타","date":"2021-05-25~2021-05-25","etc_desc":null,"end_date":1621868400000,"title":"브런치 콘서트 ‘클미지기 지휘자 안두현의 컬러’","ticket":"기관","codename":"클래식","use_trgt":"8세 이상","program":"페이스북 페이지 27만 팔로우 [클래식에 미치다] 클미지기 지휘자 안두현의 해설과 하프라는 악기의 색다른 매력을 느낄 수 있는 브런치 콘서트","rgstdate":"2021-04-12","strtdate":1621868400000,"place":"노원문화예술회관 1층 대공연장"},
		{"org_name":"서울돈화문국악당","use_fee":"전석 20,000원","player":"연출 김지훈\r\n인형디자인？제작？인형보 음대진\r\n각색 방성혁\r\n작곡？음악감독 박미향\r\n무대제작 이미림\r\n\r\n길잡이 삼촌？가마솥 도깨비 김지훈\r\n놀새 방성혁\r\n흥덕 김성대\r\n장독대 도깨비 김용훈\r\n빗자루 도깨비 장우찬","org_link":"https://sdtt.or.kr/user/program/2021/5/930","main_img":"http://culture.seoul.go.kr/data/ci/20210412153458.jpg","themecode":"어린이/청소년 문화행사","date":"2021-05-22~2021-05-23","etc_desc":null,"end_date":1621695600000,"title":"서울돈화문국악당 <연희 도깨비>","ticket":"기관","codename":"국악","use_trgt":"전체관람가","program":"금 나와라 뚝딱!\r\n은 나와라 뚝딱!\r\n\r\n요술 빗자루를 잡으면 어떤 세상이 펼쳐질까?\r\n동생 흥덕이와 형 놀새가 만난 도깨비 세상 이야기!","rgstdate":"2021-04-12","strtdate":1621609200000,"place":"서울돈화문국악당"},
	{"org_name":"www.joynchohee.com","use_fee":"평일 5900원 주말 6900원","player":"마술사 김태훈\r\n마술사 조희\r\n마술사 이원혁\r\n마술사 윤미연\r\n마술사 안영진\r\n마술사 고태선","org_link":"www.joynchohee.com","main_img":"http://culture.seoul.go.kr/data/ci/20150613172155.jpg","themecode":"어린이/청소년 문화행사","date":"2014-09-13~2025-06-30","etc_desc":"1.쿠키만들기 체험\r\n2.직접 마술 배우기 체험\r\n3.신기한 마술공연까지\r\n오감만족 이색 체험 매직컬 요리하는 마술사 요술사 입니다!!","end_date":1751209200000,"title":"요리하는 마술사","ticket":"기관","codename":"콘서트","use_trgt":"24개월 이상","program":"쿠키만들기 체험과 마술공연이 함께하는 쿠킹매직컬 콘서트!!","rgstdate":"2015-06-13","strtdate":1410534000000,"place":"맛있는 극장"},
	{"org_name":"기타(일반시민)","use_fee":"1층 44,000원","player":"신영숙\r\n뮤지컬 <레베카>, <엘리자벳>, <캣츠>, <팬텀>, <웃는 남자>, <엑스칼리버>, <맘마미아> 등\r\n수상 제14회 골든티켓어워즈 뮤지컬 여자배우상, 제2회 한국뮤지컬어워즈 여우조연상 등\r\n\r\n김도영\r\n단편영화 <자유연기>,  <82년생 김지영> 등\r\n수상 제56회 백상예술대상 신인감독상, 제25회 춘사영화제 신인감독상 등","org_link":"https://www.sac.or.kr/site/main/show/show_view?SN=45627","main_img":"https://cdn.newsin.co.kr/news/photo/202105/87882_80301_491.jpg","themecode":"기타","date":"2021-05-22~2021-05-22","etc_desc":"※ 본 프로그램은 전좌석 지정제로 한 좌석 거리두기를 시행합니다.\r\n※ 본 프로그램은 공연이 아닌 실연과 상영이 곁들여진 대담 중심의 프로그램입니다. 예매에 참고하여 주시기 바랍니다.","end_date":1621609200000,"title":"신영숙&김도영의 소소살롱","ticket":"기관","codename":"뮤지컬/오페라","use_trgt":"8세이상","program":"신영숙 & 김도영의 <소소살롱>\r\n일시 2021년 5월 22일(토) 오후 2시\r\n장소 예술의전당 IBK챔버홀\r\n출연 신영숙, 김도영\r\n러닝타임 100분\r\n입장연령 8세(초등학생) 이상 관람가\r\n티켓 1층석 44,000원\r\n할인 후원회원·싹틔우미회원·문화예술계 종사자·얼리버드(~5.7) 예매자 10%, 골드·블루회원 5%\r\n예매 예술의전당 홈페이지, 인터파크 티켓\r\n문의 예술의전당 아카데미 02-580-1451","rgstdate":"2021-05-06","strtdate":1621609200000,"place":"예술의전당 IBK챔버홀"}
	]
	}