<?xml version="1.0" encoding="UTF-8" ?>
<!DOCTYPE mapper PUBLIC "-//mybatis.org//DTD Mapper 3.0//EN" 
	"http://mybatis.org/dtd/mybatis-3-mapper.dtd">

<mapper namespace="com.ssafy.pass.dao.BoardMapper">
	<insert id="insertBoard" parameterType="Board">
		insert into board (writer,title,contents,date) values(#{writer},#{title},#{contents},now())
	</insert>
	
	<resultMap type="Board" id="boardList">
		<result property="no" column="no"/>
		<result property="writer" column="writer"/>
		<result property="title" column="title"/>
		<result property="contents" column="contents"/>
		<result property="date" column="date"/>
	</resultMap>
	
	
	<select id="selectAll" parameterType="map" resultMap="boardList">
		select no,writer,title,contents,date 
		from board
		order by no desc
		limit #{start}, #{spp}
	</select>
	
	<select id="select" resultType="Board" parameterType="Integer">
		select no,writer,title,contents,date from board where no=#{no}
	</select>
	
	
	<delete id="deleteBoard" parameterType="Integer">
		delete from board where no=#{no}
	</delete>
	
	<update id="modifyBoard" parameterType="Board">
		update board set writer=#{writer}, title=#{title}, contents=#{contents}, date=now() where no=#{no}
	</update>
	
	<select id="getTotalCount" parameterType="map" resultType="int">
		select count(no)
		from board
		
	</select>
	
	
</mapper>