<?xml version="1.0" encoding="UTF-8" ?>
<!DOCTYPE mapper PUBLIC "-//mybatis.org//DTD Mapper 3.0//EN" 
	"http://mybatis.org/dtd/mybatis-3-mapper.dtd">

<mapper namespace="com.ssafy.pass.dao.MemberMapper">


	<insert id="registerMember">
		insert into member (userid,username,userpwd,email,address) values(#{userid},#{username},#{userpwd},#{email},#{address})
	</insert>
	
	
	<select id="login" parameterType="map" resultType="member">
		select userid,username,userpwd,email,address from member where userid=#{userid} and userpwd=#{userpwd}
	</select>
	
	<delete id="deleteMember" parameterType="String">
		delete from member where userid=#{userid}
	</delete>
	
	<select id="getMember" parameterType="String" resultType="member">
		select userid,username,userpwd,email,address from member where userid=#{userid}
	</select>
	
	<update id="modifyMember" parameterType="member">
		update member set username=#{username}, userpwd=#{userpwd}, email=#{email}, address=#{address} where userid=#{userid}
	</update>
	
</mapper>